id,timestamp,file,changes,why,prompt_idea
1,2024-02-13 15:43:23 UTC,pages/index.md,Implement Flowbite timeline component for activity display,Improve visual presentation of timeline data,Convert SQL timeline to Flowbite-Svelte timeline component
2,2024-02-13 15:50:23 UTC,pages/index.md,Adjust implementation to work with Evidence.js,Fix compatibility issues with Evidence.js framework,Fix timeline implementation for Evidence.js compatibility
3,2024-02-13 15:55:23 UTC,pages/index.md,Replace Flowbite with custom CSS timeline,Resolve dependency conflicts with Evidence.js,Create native timeline implementation without external dependencies
4,2024-02-13 16:00:23 UTC,pages/+layout.svelte,Remove Flowbite CSS import,Fix dependency conflicts and simplify implementation,Remove unnecessary external dependencies
5,2024-03-26 14:43 UTC,.github/workflows/deploy_every_hour.yml,Analyzed cron schedule in workflow file,To understand automated deployment schedule,Explain meaning of cron schedule in GitHub Actions workflow
6,2024-03-26 14:45 UTC,.github/workflows/deploy_every_hour.yml,Updated cron schedule to run every 15min starting at :55,To increase deployment frequency for more timely updates,Change GitHub Actions schedule to run every fifteen minutes
7,2024-03-27 14:32 UTC,.github/workflows/15m_update.yml,Added workflow_dispatch trigger to GitHub Action,Enable manual triggering of the workflow alongside scheduled runs,Add manual trigger capability to GitHub Actions workflow
8,2024-03-26 15:30:00 UTC,sources/trav/timeline.sql,"Replaced online activity with login_log, standardized date formats","Better tracking through login_log, consistent date formatting","Improve timeline query with login tracking and date standardization"
9,2024-03-27 15:42:00 UTC,sources/trav/timeline.sql,Added DATE_ADD with 8 hour interval to timestamp formatting,Adjust timeline display to correct timezone offset,Add 8 hours timezone offset to SQL timeline query
10,2024-03-19T15:30:00Z,tailwind.config.cjs,"Added Flowbite plugin, darkMode, primary colors, and content paths","Integrate Flowbite components and styling system","Add Flowbite configuration to Tailwind setup"
11,2024-03-19T15:30:00Z,package.json,"Added Flowbite and Flowbite-Svelte dependencies","Required for Flowbite component functionality","Add Flowbite dependencies to project"
12,2024-03-26T14:30:00Z,.github/workflows/15m_update.yml,Split sources and build steps with error handling,Improve workflow maintainability and debugging,Split GitHub Actions workflow steps for better error handling
13,2024-03-26T14:35:00Z,.github/workflows/15m_update.yml,Increased Node.js memory allocation to 8GB,Prevent potential out-of-memory errors during build,Increase memory allocation for Node.js build process
14,2024-03-19T14:30:00Z,.github/workflows/15m_update.yml,Added step to check and display external IP address,Need to know runner IP for database whitelist,Add IP address check to GitHub workflow for whitelisting
15,2024-03-19T14:45:00Z,.github/workflows/15m_update.yml,Added MySQL connection test step,Verify database connectivity before running sources,Add MySQL connection check to workflow 